ALTER TABLE Billing DROP CONSTRAINT FK_Billing_STAFF;
ALTER TABLE Billing DROP CONSTRAINT FK_Billing_Customer;
ALTER TABLE DELIVERY_ITEMS DROP CONSTRAINT FK__DELIVERY_ITEMS_STAFF;
DROP TABLE DRIVER_DELIVERIES;
DROP TABLE VEHICLE;
DROP TABLE DRIVER;
DROP TABLE DELIVERY_ITEM;
DROP TABLE Billing;
DROP TABLE STAFF;
DROP TABLE Customer;

CREATE TABLE  CUSTOMER(
    CUSTOMER_ID NUMBER(5) PRIMARY KEY,
    FIRST_NAME VARCHAR(50),
    SURNAME VARCHAR(50),
    ADDRESS VARCHAR(100),
    PHONE_NUM VARCHAR(20),
    EMAIL VARCHAR(100)
    );

INSERT INTO CUSTOMER (CUSTOMER_ID, FIRST_NAME, SURNAME, ADDRESS, PHONE_NUM, EMAIL) VALUES
(11011, 'Bob', 'Smith', '18 Water rd', '0877277521', 'bobs@isat.com');

INSERT INTO CUSTOMER (CUSTOMER_ID, FIRST_NAME, SURNAME, ADDRESS, PHONE_NUM, EMAIL) VALUES
(11012, 'Sam', 'Hendricks', '22 Water rd', '0863257857', 'shen@mcom.co.za');

INSERT INTO CUSTOMER (CUSTOMER_ID, FIRST_NAME, SURNAME, ADDRESS, PHONE_NUM, EMAIL) VALUES
(11013, 'Larry', 'Clark', '101 Summer lane', '0834567891', 'larc@mcom.co.za');

INSERT INTO CUSTOMER(CUSTOMER_ID, FIRST_NAME, SURNAME, ADDRESS, PHONE_NUM, EMAIL) VALUES
(11014, 'Jeff', 'Jones', '55 Mountain way', '0612547895', 'jj@isat.co.za');

INSERT INTO CUSTOMER (CUSTOMER_ID, FIRST_NAME, SURNAME, ADDRESS, PHONE_NUM, EMAIL) VALUES
(11015, 'Andre', 'Kerk', '5 Main rd', '0827238521', 'akerk@mcal.co.za');

INSERT INTO CUSTOMER (CUSTOMER_ID, FIRST_NAME, SURNAME, ADDRESS, PHONE_NUM, EMAIL) VALUES
(11016, 'Wayne', 'Smith', '13 Water rd', '0877277522', 'ws@isat.com');

INSERT INTO CUSTOMER (CUSTOMER_ID, FIRST_NAME, SURNAME, ADDRESS, PHONE_NUM, EMAIL) VALUES
(11017, 'John', 'Hendricks', '29 Water rd', '0863257851', 'jhen@mcom.co.za');

INSERT INTO CUSTOMER (CUSTOMER_ID, FIRST_NAME, SURNAME, ADDRESS, PHONE_NUM, EMAIL) VALUES
(11018, 'Sally', 'Clark', '111 Summer lane', '0834567892', 'sallyc@mcom.co.za');

INSERT INTO CUSTOMER (CUSTOMER_ID, FIRST_NAME, SURNAME, ADDRESS, PHONE_NUM, EMAIL) VALUES
(11019, 'Bridget', 'Bitterhour', '125 Mountain way', '0612547896', 'bb@isat.co.za');

INSERT INTO CUSTOMER (CUSTOMER_ID, FIRST_NAME, SURNAME, ADDRESS, PHONE_NUM, EMAIL) VALUES
(11111, 'Nicole', 'Kerk', '175 Main rd', '0827238529', 'nk@mcal.co.za');

INSERT INTO CUSTOMER (CUSTOMER_ID, FIRST_NAME, SURNAME, ADDRESS, PHONE_NUM, EMAIL) VALUES
(11112, 'Catherine', 'Smith', '19 Water rd', '0877277523', 'cath@isat.com');

INSERT INTO CUSTOMER (CUSTOMER_ID, FIRST_NAME, SURNAME, ADDRESS, PHONE_NUM, EMAIL) VALUES
(11113, 'Mel', 'Hendricks', '5 Water rd', '0863257852', 'melh@mcom.co.za');

INSERT INTO CUSTOMER (CUSTOMER_ID, FIRST_NAME, SURNAME, ADDRESS, PHONE_NUM, EMAIL) VALUES
(11114, 'Lucy', 'Du Plessis', '221 Summer lane', '0834567892', 'ldup@mcom.co.za');

INSERT INTO CUSTOMER (CUSTOMER_ID, FIRST_NAME, SURNAME, ADDRESS, PHONE_NUM, EMAIL) VALUES
(11116, 'Josh', 'Maverick', '155 Mountain way', '0612547897', 'joshm@isat.co.za');

INSERT INTO CUSTOMER (CUSTOMER_ID, FIRST_NAME, SURNAME, ADDRESS, PHONE_NUM, EMAIL) VALUES
(11117, 'Stuart', 'Jones', '35 Main rd', '0827238521', 'sjones@mcal.co.za');

CREATE TABLE STAFF(
    STAFF_ID NUMBER(5) PRIMARY KEY,
    FIRST_NAME VARCHAR2(50),
    SURNAME VARCHAR2(50),
    POS VARCHAR2(50),
    PHONE_NUM VARCHAR2(20),
    ADDRESS VARCHAR2(100),
    EMAIL VARCHAR2(100)
);

INSERT INTO STAFF (STAFF_ID, FIRST_NAME, SURNAME, POS, PHONE_NUM, ADDRESS, EMAIL) VALUES
(51011, 'Sally', 'Du Toit', 'Logistics', '0825698547', '18 Main rd', 'sdut@isat.com');

INSERT INTO STAFF (STAFF_ID, FIRST_NAME, SURNAME, POS, PHONE_NUM, ADDRESS, EMAIL) VALUES
(51012, 'Mark', 'Wright', 'CRM', '0836984178', '12 Cape Way', 'mwright@isat.com');

INSERT INTO STAFF (STAFF_ID, FIRST_NAME, SURNAME, POS, PHONE_NUM, ADDRESS, EMAIL) VALUES
(51013, 'Harry', 'Sheen', 'Logistics', '0725648965', '15 Water Street', 'hsheen@isat.com');

INSERT INTO STAFF (STAFF_ID, FIRST_NAME, SURNAME, POS, PHONE_NUM, ADDRESS, EMAIL) VALUES
(51014, 'Jabu', 'Xolani', 'Logistics', '0823116598', '18 White Lane', 'jxo@isat.com');

INSERT INTO STAFF (STAFF_ID, FIRST_NAME, SURNAME, POS, PHONE_NUM, ADDRESS, EMAIL) VALUES
(51015, 'Roberto', 'Henry', 'Packaging', '0783521451', '55 Cape Street', 'rhenry@isat.com');

INSERT INTO STAFF (STAFF_ID, FIRST_NAME, SURNAME, POS, PHONE_NUM, ADDRESS, EMAIL) VALUES
(51016, 'Pat', 'Durant', 'Logistics', '0825698542', '1 Main rd', 'pd@isat.com');

INSERT INTO STAFF (STAFF_ID, FIRST_NAME, SURNAME, POS, PHONE_NUM, ADDRESS, EMAIL) VALUES
(51017, 'Steve', 'Maritz', 'CRM', '0836984173', '2 Cape Way', 'sm@isat.com');

INSERT INTO STAFF (STAFF_ID, FIRST_NAME, SURNAME, POS, PHONE_NUM, ADDRESS, EMAIL) VALUES
(51018, 'Maxwell', 'Dube', 'Logistics', '0725648964', '5 Water Street', 'max@isat.com');

INSERT INTO STAFF (STAFF_ID, FIRST_NAME, SURNAME, POS, PHONE_NUM, ADDRESS, EMAIL) VALUES
(51019, 'Shane', 'Mane', 'Logistics', '0823116595', '8 White Lane', 'smane@isat.com');

INSERT INTO STAFF (STAFF_ID, FIRST_NAME, SURNAME, POS, PHONE_NUM, ADDRESS, EMAIL) VALUES
(51111, 'Bob', 'Truth', 'Packaging', '0783521456', '35 Cape Street', 'btruth@isat.com');


CREATE TABLE Billing(
    BILL_ID NUMBER(3) PRIMARY KEY,
    CUSTOMER_ID NUMBER,
    STAFF_ID NUMBER,
    BILL_DATE DATE,
    FOREIGN KEY (CUSTOMER_ID) REFERENCES CUSTOMER(CUSTOMER_ID),
    FOREIGN KEY (STAFF_ID) REFERENCES STAFF(STAFF_ID)
);
INSERT INTO Billing (BILL_ID, CUSTOMER_ID, STAFF_ID, BILL_DATE) VALUES
(800, 11011, 51011, TO_DATE('06-Sep-22', 'DD-Mon-YY'));
INSERT INTO Billing (BILL_ID, CUSTOMER_ID, STAFF_ID, BILL_DATE) VALUES
(801, 11012, 51013, TO_DATE('07-Sep-22', 'DD-Mon-YY'));
INSERT INTO Billing (BILL_ID, CUSTOMER_ID, STAFF_ID, BILL_DATE) VALUES
(802, 11014, 51015, TO_DATE('10-Nov-22', 'DD-Mon-YY'));
INSERT INTO Billing (BILL_ID, CUSTOMER_ID, STAFF_ID, BILL_DATE) VALUES
(803, 11015, 51012, TO_DATE('09-Dec-22', 'DD-Mon-YY'));
INSERT INTO Billing (BILL_ID, CUSTOMER_ID, STAFF_ID, BILL_DATE) VALUES
(804, 11013, 51014, TO_DATE('09-Dec-22', 'DD-Mon-YY'));
INSERT INTO Billing (BILL_ID, CUSTOMER_ID, STAFF_ID, BILL_DATE) VALUES
(805, 11111, 51011, TO_DATE('06-Sep-22', 'DD-Mon-YY'));
INSERT INTO Billing (BILL_ID, CUSTOMER_ID, STAFF_ID, BILL_DATE) VALUES
(806, 11012, 51013, TO_DATE('07-Sep-22', 'DD-Mon-YY'));
INSERT INTO Billing (BILL_ID, CUSTOMER_ID, STAFF_ID, BILL_DATE) VALUES
(807, 11014, 51015, TO_DATE('10-Nov-22', 'DD-Mon-YY'));
INSERT INTO Billing (BILL_ID, CUSTOMER_ID, STAFF_ID, BILL_DATE) VALUES
(808, 11015, 51012, TO_DATE('09-Dec-22', 'DD-Mon-YY'));
INSERT INTO Billing (BILL_ID, CUSTOMER_ID, STAFF_ID, BILL_DATE) VALUES
(809, 11113, 51018, TO_DATE('09-Dec-22', 'DD-Mon-YY'));
INSERT INTO Billing (BILL_ID, CUSTOMER_ID, STAFF_ID, BILL_DATE) VALUES
(810, 11011, 51011, TO_DATE('06-Sep-22', 'DD-Mon-YY'));
INSERT INTO Billing (BILL_ID, CUSTOMER_ID, STAFF_ID, BILL_DATE) VALUES
(811, 11012, 51013, TO_DATE('07-Sep-22', 'DD-Mon-YY'));
INSERT INTO Billing (BILL_ID, CUSTOMER_ID, STAFF_ID, BILL_DATE) VALUES
(812, 11014, 51016, TO_DATE('10-Nov-22', 'DD-Mon-YY'));
INSERT INTO Billing (BILL_ID, CUSTOMER_ID, STAFF_ID, BILL_DATE) VALUES
(813, 11117, 51012, TO_DATE('09-Dec-22', 'DD-Mon-YY'));
INSERT INTO Billing (BILL_ID, CUSTOMER_ID, STAFF_ID, BILL_DATE) VALUES
(814, 11013, 51014, TO_DATE('09-Dec-22', 'DD-Mon-YY'));
INSERT INTO Billing (BILL_ID, CUSTOMER_ID, STAFF_ID, BILL_DATE) VALUES
(815, 11012, 51111, TO_DATE('06-Sep-22', 'DD-Mon-YY'));
INSERT INTO Billing (BILL_ID, CUSTOMER_ID, STAFF_ID, BILL_DATE) VALUES
(816, 11012, 51019, TO_DATE('07-Sep-22', 'DD-Mon-YY'));
INSERT INTO Billing (BILL_ID, CUSTOMER_ID, STAFF_ID, BILL_DATE) VALUES
(817, 11014, 51015, TO_DATE('10-Nov-22', 'DD-Mon-YY'));
INSERT INTO Billing (BILL_ID, CUSTOMER_ID, STAFF_ID, BILL_DATE) VALUES
(818, 11112, 51012, TO_DATE('09-Dec-22', 'DD-Mon-YY'));
INSERT INTO Billing (BILL_ID, CUSTOMER_ID, STAFF_ID, BILL_DATE) VALUES
(819, 11013, 51014, TO_DATE('09-Dec-22', 'DD-Mon-YY'));
INSERT INTO Billing (BILL_ID, CUSTOMER_ID, STAFF_ID, BILL_DATE) VALUES
(820, 11116, 51019, TO_DATE('09-Dec-22', 'DD-Mon-YY'));

CREATE TABLE DELIVERY_ITEM(
    
    DELIVERY_ITEM_ID NUMBER(5) PRIMARY KEY,
    DESCRIPTION VARCHAR2(255),
    STAFF_ID NUMBER(5),
    FOREIGN KEY (STAFF_ID) REFERENCES STAFF(STAFF_ID)
);

INSERT INTO DELIVERY_ITEM (DELIVERY_ITEM_ID, DESCRIPTION, STAFF_ID) VALUES
(71011, 'House relocation', 51011);

INSERT INTO DELIVERY_ITEM (DELIVERY_ITEM_ID, DESCRIPTION, STAFF_ID) VALUES
(71012, 'Delivery of specialized consignments', 51017);

INSERT INTO DELIVERY_ITEM (DELIVERY_ITEM_ID, DESCRIPTION, STAFF_ID) VALUES
(71013, 'Delivery of specialized consignments', 51015);

INSERT INTO DELIVERY_ITEM (DELIVERY_ITEM_ID, DESCRIPTION, STAFF_ID) VALUES
(71014, 'Office relocation', 51012);

INSERT INTO DELIVERY_ITEM (DELIVERY_ITEM_ID, DESCRIPTION, STAFF_ID) VALUES
(71015, 'Delivery of specialized consignments', 51014);

CREATE TABLE DRIVER(
    DRIVER_ID NUMBER(5)PRIMARY KEY,
    FIRST_NAME VARCHAR2(50),
    SURNAME VARCHAR2(50),
    DRIVER_CODE VARCHAR2(5),
    PHONE_NUM VARCHAR2(20),
    ADDRESS VARCHAR2(100)
);

INSERT INTO DRIVER (DRIVER_ID, FIRST_NAME, SURNAME, DRIVER_CODE, PHONE_NUM, ADDRESS) VALUES
(81011, 'Buthelezi', 'Marshall', 'C1', '0725698547', '18 Leopard creek');
INSERT INTO DRIVER (DRIVER_ID, FIRST_NAME, SURNAME, DRIVER_CODE, PHONE_NUM, ADDRESS) VALUES
(81012, 'Tina', 'Mtati', 'C', '0636984178', '12 Cape rd');
INSERT INTO DRIVER (DRIVER_ID, FIRST_NAME, SURNAME, DRIVER_CODE, PHONE_NUM, ADDRESS) VALUES
(81013, 'Jono', 'Mvuyisi', 'EC1', '0725648965', '15 Circle lane');
INSERT INTO DRIVER (DRIVER_ID, FIRST_NAME, SURNAME, DRIVER_CODE, PHONE_NUM, ADDRESS) VALUES
(81014, 'Richard', 'Smith', 'C1', '0623116598', '18 Beach rd');
INSERT INTO DRIVER (DRIVER_ID, FIRST_NAME, SURNAME, DRIVER_CODE, PHONE_NUM, ADDRESS) VALUES
(81015, 'Brett', 'Smith', 'EB', '0883521457', '55 Summer lane');

CREATE TABLE VEHICLE(
    VIN_NUMBER VARCHAR2(20) PRIMARY KEY,
    VEHICLE_TYPE VARCHAR2(50),
    MILEAGE NUMBER(7),
    COLOUR VARCHAR2(20),
    MANUFACTURER VARCHAR2(30)
);

INSERT INTO VEHICLE (VIN_NUMBER, VEHICLE_TYPE, MILEAGE, COLOUR, MANUFACTURER) VALUES
('1ZA55858541', 'Cutaway van chassis', 115352, 'RED', 'MAN');
INSERT INTO VEHICLE (VIN_NUMBER, VEHICLE_TYPE, MILEAGE, COLOUR, MANUFACTURER) VALUES
('1ZA51858542', 'Flatbed truck', 315856, 'BLUE', 'ISUZU');
INSERT INTO VEHICLE (VIN_NUMBER, VEHICLE_TYPE, MILEAGE, COLOUR, MANUFACTURER) VALUES
('1ZA35858543', 'Medium Standard Truck', 789587, 'SILVER', 'MAN');
INSERT INTO VEHICLE (VIN_NUMBER, VEHICLE_TYPE, MILEAGE, COLOUR, MANUFACTURER) VALUES
('1ZA15851545', 'Flatbed truck', 555050, 'WHITE', 'TATA');
INSERT INTO VEHICLE (VIN_NUMBER, VEHICLE_TYPE, MILEAGE, COLOUR, MANUFACTURER) VALUES
('1ZA35868540', 'Cutaway van chassis', 79058, 'WHITE', 'ISUZU');
INSERT INTO VEHICLE (VIN_NUMBER, VEHICLE_TYPE, MILEAGE, COLOUR, MANUFACTURER) VALUES
('1ZA65858541', 'Cutaway van chassis', 215352, 'RED', 'MAN');
INSERT INTO VEHICLE (VIN_NUMBER, VEHICLE_TYPE, MILEAGE, COLOUR, MANUFACTURER) VALUES
('1ZA61858542', 'Flatbed truck', 215856, 'BLUE', 'ISUZU');
INSERT INTO VEHICLE (VIN_NUMBER, VEHICLE_TYPE, MILEAGE, COLOUR, MANUFACTURER) VALUES
('1ZA65858543', 'Medium Standard Truck', 889587, 'SILVER', 'MERC');
INSERT INTO VEHICLE (VIN_NUMBER, VEHICLE_TYPE, MILEAGE, COLOUR, MANUFACTURER) VALUES
('1ZA65851545', 'Flatbed truck', 155050, 'WHITE', 'MAN');
INSERT INTO VEHICLE (VIN_NUMBER, VEHICLE_TYPE, MILEAGE, COLOUR, MANUFACTURER) VALUES
('1ZA65868540', 'Cutaway van chassis', 19058, 'WHITE', 'ISUZU');
INSERT INTO VEHICLE (VIN_NUMBER, VEHICLE_TYPE, MILEAGE, COLOUR, MANUFACTURER) VALUES
('1ZA75858541', 'Cutaway van chassis', 315352, 'RED', 'MAN');
INSERT INTO VEHICLE (VIN_NUMBER, VEHICLE_TYPE, MILEAGE, COLOUR, MANUFACTURER) VALUES
('1ZA71858542', 'Flatbed truck', 115856, 'BLUE', 'ISUZU');
INSERT INTO VEHICLE (VIN_NUMBER, VEHICLE_TYPE, MILEAGE, COLOUR, MANUFACTURER) VALUES
('1ZA75858543', 'Medium Standard Truck', 989587, 'SILVER', 'MAN');
INSERT INTO VEHICLE (VIN_NUMBER, VEHICLE_TYPE, MILEAGE, COLOUR, MANUFACTURER) VALUES
('1ZA17851545', 'Flatbed truck', 755050, 'WHITE', 'TATA');
INSERT INTO VEHICLE (VIN_NUMBER, VEHICLE_TYPE, MILEAGE, COLOUR, MANUFACTURER) VALUES
('1ZA75868540', 'Cutaway van chassis', 29058, 'WHITE', 'ISUZU');
INSERT INTO VEHICLE (VIN_NUMBER, VEHICLE_TYPE, MILEAGE, COLOUR, MANUFACTURER) VALUES
('1ZA85858541', 'Cutaway van chassis', 515352, 'RED', 'MERC');
INSERT INTO VEHICLE (VIN_NUMBER, VEHICLE_TYPE, MILEAGE, COLOUR, MANUFACTURER) VALUES
('1ZA81858542', 'Flatbed truck', 715856, 'BLUE', 'ISUZU');
INSERT INTO VEHICLE (VIN_NUMBER, VEHICLE_TYPE, MILEAGE, COLOUR, MANUFACTURER) VALUES
('1ZA85858543', 'Medium Standard Truck', 789587, 'SILVER', 'MAN');
INSERT INTO VEHICLE (VIN_NUMBER, VEHICLE_TYPE, MILEAGE, COLOUR, MANUFACTURER) VALUES
('1ZA85851545', 'Flatbed truck', 955050, 'WHITE', 'TATA');
INSERT INTO VEHICLE (VIN_NUMBER, VEHICLE_TYPE, MILEAGE, COLOUR, MANUFACTURER) VALUES
('1ZA85868540', 'Cutaway van chassis', 39058, 'WHITE', 'MERC');

CREATE TABLE DRIVER_DELIVERIES(
    DRIVER_DELIVERY_ID NUMBER(5) PRIMARY KEY,
    VIN_NUMBER VARCHAR2(20),
    DRIVER_ID NUMBER,
    DELIVERY_ITEM_ID NUMBER,
    FOREIGN KEY (VIN_NUMBER) REFERENCES VEHICLE (VIN_NUMBER),
    FOREIGN KEY (DRIVER_ID) REFERENCES DRIVER (DRIVER_ID),
    FOREIGN KEY (DELIVERY_ITEM_ID) REFERENCES DELIVERY_ITEM( DELIVERY_ITEM_ID)
);

INSERT INTO DRIVER_DELIVERIES (DRIVER_DELIVERY_ID, VIN_NUMBER, DRIVER_ID, DELIVERY_ITEM_ID) VALUES
(91011, '1ZA55858541', 81011, 71011);
INSERT INTO DRIVER_DELIVERIES (DRIVER_DELIVERY_ID, VIN_NUMBER, DRIVER_ID, DELIVERY_ITEM_ID) VALUES
(91012, '1ZA35858543', 81012, 71013);
INSERT INTO DRIVER_DELIVERIES (DRIVER_DELIVERY_ID, VIN_NUMBER, DRIVER_ID, DELIVERY_ITEM_ID) VALUES
(91013, '1ZA17851545', 81011, 71015);
INSERT INTO DRIVER_DELIVERIES (DRIVER_DELIVERY_ID, VIN_NUMBER, DRIVER_ID, DELIVERY_ITEM_ID) VALUES
(91014, '1ZA35868540', 81013, 71015);
INSERT INTO DRIVER_DELIVERIES (DRIVER_DELIVERY_ID, VIN_NUMBER, DRIVER_ID, DELIVERY_ITEM_ID) VALUES
(91015, '1ZA15851545', 81014, 71012);

CREATE USER John IDENTIFIED BY Johnch2024;
CREATE USER Hannah IDENTIFIED BY Hannahch2024;


GRANT SELECT ANY TABLE TO John; 
GRANT INSERT ANY TABLE TO Hannah;

